Accession code	End	Length	Kingdom	Species	Sequence
A0A5C2A2T2	24	178	Metazoa	Conus purpurascens	MKLLAPVLWAMAALGVTWLVAVDSKESCTKHSNGCSTPLRLPCQEYFRPACDIHDNCYHCGTIFGISRKECDDAFLKDMNTLCKKLGSNSATCPARGKREVTSHRATSIAHSRLWKTALDQKSFLNRKARQAILLTPNSCLYWANNFYMAVHVFGARSYSRTTDPKDCQGLKHCLPNH
O43155	35	660	Metazoa	Homo sapiens	MGLQTTKWPSHGAFFLKSWLIISLGLYSQVSKLLACPSVCRCDRNFVYCNERSLTSVPLGIPEGVTVLYLHNNQINNAGFPAELHNVQSVHTVYLYGNQLDEFPMNLPKNVRVLHLQENNIQTISRAALAQLLKLEELHLDDNSISTVGVEDGAFREAISLKLLFLSKNHLSSVPVGLPVDLQELRVDENRIAVISDMAFQNLTSLERLIVDGNLLTNKGIAEGTFSHLTKLKEFSIVRNSLSHPPPDLPGTHLIRLYLQDNQINHIPLTAFSNLRKLERLDISNNQLRMLTQGVFDNLSNLKQLTARNNPWFCDCSIKWVTEWLKYIPSSLNVRGFMCQGPEQVRGMAVRELNMNLLSCPTTTPGLPLFTPAPSTASPTTQPPTLSIPNPSRSYTPPTPTTSKLPTIPDWDGRERVTPPISERIQLSIHFVNDTSIQVSWLSLFTVMAYKLTWVKMGHSLVGGIVQERIVSGEKQHLSLVNLEPRSTYRICLVPLDAFNYRAVEDTICSEATTHASYLNNGSNTASSHEQTTSHSMGSPFLLAGLIGGAVIFVLVVLLSVFCWHMHKKGRYTSQKWKYNRGRRKDDYCEAGTKKDNSILEMTETSFQIVSLNNDQLLKGDFRLQPIYTPNGGINYTDCHIPNNMRYCNSSVPDLEHCHT
O43653	11	114	Metazoa	Homo sapiens	MAGLALQPGTALLCYSCKAQVSNEDCLQVENCTQLGEQCWTARIRAVGLLTVISKGCSLNCVDDSQDYYVGKKNITCCDTDLCNASGAHALQPAAAILALLPALGLLLWGPGQL
O88917	24	1515	Metazoa	Rattus norvegicus	MARLAAALWSLCVTTVLVTSATQGLSRAGLPFGLMRRELACEGYPIELRCPGSDVIMVENANYGRTDDKICDADPFQMENVQCYLPDAFKIMSQRCNNRTQCVVVAGSDAFPDPCPGTYKYLEVQYDCVPYKVEQKVFVCPGTLQKVLEPTSTHESEHQSGAWCKDPLQAGDRIYVMPWIPYRTDTLTEYASWEDYVAARHTTTYRLPNRVDGTGFVVYDGAVFYNKERTRNIVKYDLRTRIKSGETVINTANYHDTSPYRWGGKTDIDLAVDENGLWVIYATEGNNGRLVVSQLNPYTLRFEGTWETGYDKRSASNAFMVCGVLYVLRSVYVDDDSEAAGNRVDYAFNTNANREEPVSLAFPNPYQFVSSVDYNPRDNQLYVWNNYFVVRYSLEFGPPDPSAGPATSPPLSTTTTARPTPLTSTASPAATTPLRRAPLTTHPVGAINQLGPDLPPATAPAPSTRRPPAPNLHVSPELFCEPREVRRVQWPATQQGMLVERPCPKGTRGIASFQCLPALGLWNPRGPDLSNCTSPWVNQVAQKIKSGENAANIASELARHTRGSIYAGDVSSSVKLMEQLLDILDAQLQALRPIERESAGKNYNKMHKRERTCKDYIKAVVETVDNLLRPEALESWKDMNATEQVHTATMLLDVLEEGAFLLADNVREPARFLAAKQNVVLEVTVLSTEGQVQELVFPQEYASESSIQLSANTIKQNSRNGVVKVVFILYNNLGLFLSTENATVKLAGEAGTGGPGGASLVVNSQVIAASINKESSRVFLMDPVIFTVAHLEAKNHFNANCSFWNYSERSMLGYWSTQGCRLVESNKTHTTCACSHLTNFAVLMAHREIYQGRINELLLSVITWVGIVISLVCLAICISTFCFLRGLQTDRNTIHKNLCINLFLAELLFLVGIDKTQYEVACPIFAGLLHYFFLAAFSWLCLEGVHLYLLLVEVFESEYSRTKYYYLGGYCFPALVVGIAAAIDYRSYGTEKACWLRVDNYFIWSFIGPVSFVIVVNLVFLMVTLHKMIRSSSVLKPDSSRLDNIKSWALGAIALLFLLGLTWAFGLLFINKESVVMAYLFTTFNAFQGVFIFVFHCALQKKVHKEYSKCLRHSYCCIRSPPGGAHGSLKTSAMRSNTRYYTGTQVPGQGRHIHQVSLGPRGRSALPESQKDPGGQSGPGDPLTFGLCPSRIRRMWNDTVRKQTESSFMAGDINSTPTLNRGTMGNHLLTNPVLQPRGGTSPYNTLIAESVGFNPSSPPVFNSPGSYREPKHPLGGREACGMDTLPLNGNFNNSYSLRSGDFPPGDGGPEPPRGRNLADAAAFEKMIISELVHNNLRGASGGAKGPPPEPPVPPVPGVSEDEAGGPGGADRAEIELLYKALEEPLLLPRAQSVLYQSDLDESESCTAEDGATSRPLSSPPGRDSLYASGANLRDSPSYPDSSPEGPNEALPPPPPAPPGPPEIYYTSRPPALVARNPLQGYYQVRRPSHEGYLAAPSLEGPGPDGDGQMQLVTSL
O95813	17	267	Metazoa	Homo sapiens	MHLLLFQLLVLLPLGKTTRHQDGRQNQSSLSPVLLPRNQRELPTGNHEEAEEKPDLFVAVPHLVATSPAGEGQRQREKMLSRFGRFWKKPEREMHPSRDSDSEPFPPGTQSLIQPIDGMKMEKSPLREEAKKFWHHFMFRKTPASQGVILPIKSHEVHWETCRTVPFSQTITHEGCEKVVVQNNLCFGKCGSVHFPGAAQHSHTSCSHCLPAKFTTMHLPLNCTELSSVIKVVMLVEECQCKVKTEHEDGHILHAGSQDSFIPGVSA
P00724	19	532	Fungi	Saccharomyces cerevisiae	MLLQAFLFLLAGFAAKISASMTNETSDRPLVHFTPNKGWMNDPNGLWYDEKDAKWHLYFQYNPNDTVWGTPLFWGHATSDDLTNWEDQPIAIAPKRNDSGAFSGSMVVDYNNTSGFFNDTIDPRQRCVAIWTYNTPESEEQYISYSLDGGYTFTEYQKNPVLAANSTQFRDPKVFWYEPSQKWIMTAAKSQDYKIEIYSSDDLKSWKLESAFANEGFLGYQYECPGLIEVPTEQDPSKSYWVMFISINPGAPAGGSFNQYFVGSFNGTHFEAFDNQSRVVDFGKDYYALQTFFNTDPTYGSALGIAWASNWEYSAFVPTNPWRSSMSLVRKFSLNTEYQANPETELINLKAEPILNISNAGPWSRFATNTTLTKANSYNVDLSNSTGTLEFELVYAVNTTQTISKSVFADLSLWFKGLEDPEEYLRMGFEVSASSFFLDRGNSKVKFVKENPYFTNRMSVNNQPFKSENDLSYYKVYGLLDQNILELYFNDGDVVSTNTYFMTTGNALGSVNMTTGVDNLFYIDKFQVREVK
P01189	26	267	Metazoa	Homo sapiens	MPRSCCSRSGALLLALLLQASMEVRGWCLESSQCQDLTTESNLLECIRACKPDLSAETPMFPGNGDEQPLTENPRKYVMGHFRWDRFGRRNSSSSGSSGAGQKREDVSAGEDCGPLPEGGPEPRSDGAKPGPREGKRSYSMEHFRWGKPVGKKRRPVKVYPNGAEDESAEAFPLEFKRELTGQRLREGDGPDGPADDGAGAQADLEHSLLVAAEKKDEGPYRMEHFRWGSPPKDKRYGGFMTSEKSQTPLVTLFKNAIIKNAYKKGE
P01500	27	46	Metazoa	Apis mellifera	MISMLRCIYLFLSVILITSYFVTPVMPCNCKAPETALCARRCQQHG
P02462	27	1669	Metazoa	Homo sapiens	MGPRLSVWLLLLPAALLLHEEHSRAAAKGGCAGSGCGKCDCHGVKGQKGERGLPGLQGVIGFPGMQGPEGPQGPPGQKGDTGEPGLPGTKGTRGPPGASGYPGNPGLPGIPGQDGPPGPPGIPGCNGTKGERGPLGPPGLPGFAGNPGPPGLPGMKGDPGEILGHVPGMLLKGERGFPGIPGTPGPPGLPGLQGPVGPPGFTGPPGPPGPPGPPGEKGQMGLSFQGPKGDKGDQGVSGPPGVPGQAQVQEKGDFATKGEKGQKGEPGFQGMPGVGEKGEPGKPGPRGKPGKDGDKGEKGSPGFPGEPGYPGLIGRQGPQGEKGEAGPPGPPGIVIGTGPLGEKGERGYPGTPGPRGEPGPKGFPGLPGQPGPPGLPVPGQAGAPGFPGERGEKGDRGFPGTSLPGPSGRDGLPGPPGSPGPPGQPGYTNGIVECQPGPPGDQGPPGIPGQPGFIGEIGEKGQKGESCLICDIDGYRGPPGPQGPPGEIGFPGQPGAKGDRGLPGRDGVAGVPGPQGTPGLIGQPGAKGEPGEFYFDLRLKGDKGDPGFPGQPGMPGRAGSPGRDGHPGLPGPKGSPGSVGLKGERGPPGGVGFPGSRGDTGPPGPPGYGPAGPIGDKGQAGFPGGPGSPGLPGPKGEPGKIVPLPGPPGAEGLPGSPGFPGPQGDRGFPGTPGRPGLPGEKGAVGQPGIGFPGPPGPKGVDGLPGDMGPPGTPGRPGFNGLPGNPGVQGQKGEPGVGLPGLKGLPGLPGIPGTPGEKGSIGVPGVPGEHGAIGPPGLQGIRGEPGPPGLPGSVGSPGVPGIGPPGARGPPGGQGPPGLSGPPGIKGEKGFPGFPGLDMPGPKGDKGAQGLPGITGQSGLPGLPGQQGAPGIPGFPGSKGEMGVMGTPGQPGSPGPVGAPGLPGEKGDHGFPGSSGPRGDPGLKGDKGDVGLPGKPGSMDKVDMGSMKGQKGDQGEKGQIGPIGEKGSRGDPGTPGVPGKDGQAGQPGQPGPKGDPGISGTPGAPGLPGPKGSVGGMGLPGTPGEKGVPGIPGPQGSPGLPGDKGAKGEKGQAGPPGIGIPGLRGEKGDQGIAGFPGSPGEKGEKGSIGIPGMPGSPGLKGSPGSVGYPGSPGLPGEKGDKGLPGLDGIPGVKGEAGLPGTPGPTGPAGQKGEPGSDGIPGSAGEKGEPGLPGRGFPGFPGAKGDKGSKGEVGFPGLAGSPGIPGSKGEQGFMGPPGPQGQPGLPGSPGHATEGPKGDRGPQGQPGLPGLPGPMGPPGLPGIDGVKGDKGNPGWPGAPGVPGPKGDPGFQGMPGIGGSPGITGSKGDMGPPGVPGFQGPKGLPGLQGIKGDQGDQGVPGAKGLPGPPGPPGPYDIIKGEPGLPGPEGPPGLKGLQGLPGPKGQQGVTGLVGIPGPPGIPGFDGAPGQKGEMGPAGPTGPRGFPGPPGPDGLPGSMGPPGTPSVDHGFLVTRHSQTIDDPQCPSGTKILYHGYSLLYVQGNERAHGQDLGTAGSCLRKFSTMPFLFCNINNVCNFASRNDYSYWLSTPEPMPMSMAPITGENIRPFISRCAVCEAPAMVMAVHSQTIQIPPCPSGWSSLWIGYSFVMHTSAGAEGSGQALASPGSCLEEFRSAPFIECHGRGTCNYYANAYSFWLATIERSEMFKKPTPSTLKAGELRTHVSRCQVCMRRT
P02674	5	966	Metazoa	Petromyzon marinus	QVCIADDISLRGPRLTEQRSAGQGSCASATADLCVHGDWGRKCPNGCRMQGLMSHAEKDIGKRIGDLTERLARLGRLYTQVHTDFRAVSDTSGQTLNEHNELEVRYSEVLRELERRIIHLQRRINMQLQQLTLLQHNIKTQVSQILRVEVDIDVALRTCKGSCARYLEYRLDKEKNLQLEKAASYIANLKFERFEEVVVEETLNRRVETSSHAFQPTHGQGTPQPGHGTHSLSATSSITSAPNFVPHRQPTYVDHGRLSNPNEVAHSASSSSTHTSSSSSPSQPVSRDSAFPLPGSNTGTSEWDFNFHDESTPGNGPRDEAAASSSAHSPSTASHDTATSTTSFSSGTSGKDVAPLGTGVTHDGGVRTSGSLMDGGSSDTGTGGVSKTTTFTGSAQGGSWSTGGSTATNTGSAQGGSWSTGGRTEPNTGSGQGGSWGTGGRTEPNTGSGQGGSWGTGGRTEPNTGSGQGGSWGTGGRTEPNTGSAQGGSWGTGGRTEPNTGSAQGGSWGTGGRTEPNTGSAQGGSWSTGGRTEPNTGSAKGGSWGTGGRTEPNTGSAKGGSWSTGGRTEPNTGSAKGGSWGTGGRTEPNTGSAQGGSWGTGGRTEPNTGSAQGGSWGTGGRTEPNTGSAQGGSWGTGGRTEPNTGSAQGGSWGTGGRTEPNTGSAQGGSWSTGGRTEPNTGSGQGGSWGTGGRTEPNTGSGQGGSWSTGGRTEPNTGSGQGGSWGTGGRTEPNTGSAQGGSWGTGGRTEPNTGSAQGGSWGTGGSTATNTGSAQGGGGYAAGGTGAQTGSGSTSTHSAHSASGGMSSLDMLPALPDFGTWDMPDHSDIFSRRRVSTSSTTSSSSGGGHAGAAAGGGGDGASRFGSLFTTDFGPEFHEEFRSMLPGASRLSSSSSSSTRSTSSTSGGKVVTESVVTKVLSNGTTITHHTKHVSTSDGTGAASDGVSPLLTGRKTKAARSRRAKATRP
P02763	18	201	Metazoa	Homo sapiens	MALSWVLTVLSLLPLLEAQIPLCANLVPVPITNATLDRITGKWFYIASAFRNEEYNKSVQEIQATFFYFTPNKTEDTIFLREYQTRQDQCIYNTTYLNVQRENGTISRYVGGQEHFAHLLILRDTKTYMLAFDVNDEKNWGLSVYADKPETTKEQLGEFYEALDCLRIPKSDVVYTDWKKDKCEPLEKQHEKERKQEEGES
P13385	30	188	Metazoa	Homo sapiens	MDCRKMARFSYSVIWIMAISKVFELGLVAGLGHQEFARPSRGYLAFRDDSIWPQEEPAIRPRSSQRVPPMGIQHSKELNRTCCLNGGTCMLGSFCACPPSFYGRNCEHDVRKENCGSVPHDTWLPKKCSLCKCWHGQLRCFPQAFLPGCDGLVMDEHLVASRTPELPPSARTTTFMLVGICLSIQSYY
P13612	33	1032	Metazoa	Homo sapiens	MAWEARREPGPRRAAVRETVMLLLCLGVPTGRPYNVDTESALLYQGPHNTLFGYSVVLHSHGANRWLLVGAPTANWLANASVINPGAIYRCRIGKNPGQTCEQLQLGSPNGEPCGKTCLEERDNQWLGVTLSRQPGENGSIVTCGHRWKNIFYIKNENKLPTGGCYGVPPDLRTELSKRIAPCYQDYVKKFGENFASCQAGISSFYTKDLIVMGAPGSSYWTGSLFVYNITTNKYKAFLDKQNQVKFGSYLGYSVGAGHFRSQHTTEVVGGAPQHEQIGKAYIFSIDEKELNILHEMKGKKLGSYFGASVCAVDLNADGFSDLLVGAPMQSTIREEGRVFVYINSGSGAVMNAMETNLVGSDKYAARFGESIVNLGDIDNDGFEDVAIGAPQEDDLQGAIYIYNGRADGISSTFSQRIEGLQISKSLSMFGQSISGQIDADNNGYVDVAVGAFRSDSAVLLRTRPVVIVDASLSHPESVNRTKFDCVENGWPSVCIDLTLCFSYKGKEVPGYIVLFYNMSLDVNRKAESPPRFYFSSNGTSDVITGSIQVSSREANCRTHQAFMRKDVRDILTPIQIEAAYHLGPHVISKRSTEEFPPLQPILQQKKEKDIMKKTINFARFCAHENCSADLQVSAKIGFLKPHENKTYLAVGSMKTLMLNVSLFNAGDDAYETTLHVKLPVGLYFIKILELEEKQINCEVTDNSGVVQLDCSIGYIYVDHLSRIDISFLLDVSSLSRAEEDLSITVHATCENEEEMDNLKHSRVTVAIPLKYEVKLTVHGFVNPTSFVYGSNDENEPETCMVEKMNLTFHVINTGNSMAPNVSVEIMVPNSFSPQTDKLFNILDVQTTTGECHFENYQRVCALEQQKSAMQTLKGIVRFLSKTDKRLLYCIKADPHCLNFLCNFGKMESGKEASVHIQLEGRPSILEMDETSALKFEIRATGFPEPNPRVIELNKDENVAHVLLEGLHHQRPKRYFTIVIISSSLLLGLIVLLLISYVMWKAGFFKRQYKSILQEENRRDSWSYINSKSNDD
P13671	21	934	Metazoa	Homo sapiens	MARRSVLYFILLNALINKGQACFCDHYAWTQWTSCSKTCNSGTQSRHRQIVVDKYYQENFCEQICSKQETRECNWQRCPINCLLGDFGPWSDCDPCIEKQSKVRSVLRPSQFGGQPCTAPLVAFQPCIPSKLCKIEEADCKNKFRCDSGRCIARKLECNGENDCGDNSDERDCGRTKAVCTRKYNPIPSVQLMGNGFHFLAGEPRGEVLDNSFTGGICKTVKSSRTSNPYRVPANLENVGFEVQTAEDDLKTDFYKDLTSLGHNENQQGSFSSQGGSSFSVPIFYSSKRSENINHNSAFKQAIQASHKKDSSFIRIHKVMKVLNFTTKAKDLHLSDVFLKALNHLPLEYNSALYSRIFDDFGTHYFTSGSLGGVYDLLYQFSSEELKNSGLTEEEAKHCVRIETKKRVLFAKKTKVEHRCTTNKLSEKHEGSFIQGAEKSISLIRGGRSEYGAALAWEKGSSGLEEKTFSEWLESVKENPAVIDFELAPIVDLVRNIPCAVTKRNNLRKALQEYAAKFDPCQCAPCPNNGRPTLSGTECLCVCQSGTYGENCEKQSPDYKSNAVDGQWGCWSSWSTCDATYKRSRTRECNNPAPQRGGKRCEGEKRQEEDCTFSIMENNGQPCINDDEEMKEVDLPEIEADSGCPQPVPPENGFIRNEKQLYLVGEDVEISCLTGFETVGYQYFRCLPDGTWRQGDVECQRTECIKPVVQEVLTITPFQRLYRIGESIELTCPKGFVVAGPSRYTCQGNSWTPPISNSLTCEKDTLTKLKGHCQLGQKQSGSECICMSPEEDCSHHSEDLCVFDTDSNDYFTSPACKFLAEKCLNNQQLHFLHIGSCQDGRQLEWGLERTRLSSNSTKKESCGYDTCYDWEKCSASTSKCVCLLPPQCFKGGNQLYCVKMGSSTSEKTLNICEVGTIRCANRKMEILHPGKCLA
P14630	17	190	Metazoa	Rattus norvegicus	MFHQVWAALLYLYGLLFNSMNQCPEHSQLMTLGMDDKETPEPHLGLWYFIAGAAPTMEELATFDQVDNIVFNMAAGSAPRQLQLRATIRTKNGVCVPRKWTYHLTEGKGNTELRTEGRPDMKTDLFSISCPGGIMLKETGQGYQRFLLYNRSPHPPEECVEEFQSLTSCLDFKAFLVTPRNQEACPLSSK
P16235	26	700	Metazoa	Rattus norvegicus	MGRRVPALRQLLVLAVLLLKPSQLQSRELSGSRCPEPCDCAPDGALRCPGPRAGLARLSLTYLPVKVIPSQAFRGLNEVVKIEISQSDSLERIEANAFDNLLNLSELLIQNTKNLLYIEPGAFTNLPRLKYLSICNTGIRTLPDVTKISSSEFNFILEICDNLHITTIPGNAFQGMNNESVTLKLYGNGFEEVQSHAFNGTTLISLELKENIYLEKMHSGAFQGATGPSILDISSTKLQALPSHGLESIQTLIALSSYSLKTLPSKEKFTSLLVATLTYPSHCCAFRNLPKKEQNFSFSIFENFSKQCESTVRKADNETLYSAIFEENELSGWDYDYGFCSPKTLQCAPEPDAFNPCEDIMGYAFLRVLIWLINILAIFGNLTVLFVLLTSRYKLTVPRFLMCNLSFADFCMGLYLLLIASVDSQTKGQYYNHAIDWQTGSGCGAAGFFTVFASELSVYTLTVITLERWHTITYAVQLDQKLRLRHAIPIMLGGWLFSTLIATMPLVGISNYMKVSICLPMDVESTLSQVYILSILILNVVAFVVICACYIRIYFAVQNPELTAPNKDTKIAKKMAILIFTDFTCMAPISFFAISAAFKVPLITVTNSKILLVLFYPVNSCANPFLYAIFTKAFQRDFLLLLSRFGCCKRRAELYRRKEFSAYTSNCKNGFPGASKPSQATLKLSTVHCQQPIPPRALTH
P98066	17	277	Metazoa	Homo sapiens	MIILIYLFLLLWEDTQGWGFKDGIFHNSIWLERAAGVYHREARSGKYKLTYAEAKAVCEFEGGHLATYKQLEAARKIGFHVCAAGWMAKGRVGYPIVKPGPNCGFGKTGIIDYGIRLNRSERWDAYCYNPHAKECGGVFTDPKQIFKSPGFPNEYEDNQICYWHIRLKYGQRIHLSFLDFDLEDDPGCLADYVEIYDSYDDVHGFVGRYCGDELPDDIISTGNVMTLKFLSDASVTAGGFQIKYVAMDPVSKSSQGKNTSTTSTGNKNFLAGRFSHL
Q01638	18	556	Metazoa	Homo sapiens	MGFWILAILTILMYSTAAKFSKQSWGLENEALIVRCPRQGKPSYTVDWYYSQTNKSIPTQERNRVFASGQLLKFLPAAVADSGIYTCIVRSPTFNRTGYANVTIYKKQSDCNVPDYLMYSTVSGSEKNSKIYCPTIDLYNWTAPLEWFKNCQALQGSRYRAHKSFLVIDNVMTEDAGDYTCKFIHNENGANYSVTATRSFTVKDEQGFSLFPVIGAPAQNEIKEVEIGKNANLTCSACFGKGTQFLAAVLWQLNGTKITDFGEPRIQQEEGQNQSFSNGLACLDMVLRIADVKEEDLLLQYDCLALNLHGLRRHTVRLSRKNPIDHHSIYCIIAVCSVFLMLINVLVIILKMFWIEATLLWRDIAKPYKTRNDGKLYDAYVVYPRNYKSSTDGASRVEHFVHQILPDVLENKCGYTLCIYGRDMLPGEDVVTAVETNIRKSRRHIFILTPQITHNKEFAYEQEVALHCALIQNDAKVILIEMEALSELDMLQAEALQDSLQHLMKVQGTIKWREDHIANKRSLNSKFWKHVRYQMPVPSKIPRKASSLTPLAAQKQ
P04925	22	254	Metazoa	Mus musculus	MANLGYWLLALFVTMWTDVGLCKKRPKPGGWNTGGSRYPGQGSPGGNRYPPQGGTWGQPHGGGWGQPHGGSWGQPHGGSWGQPHGGGWGQGGGTHNQWNKPSKPKTNLKHVAGAAAAGAVVGGLGGYMLGSAMSRPMIHFGNDWEDRYYRENMYRYPNQVYYRPVDQYSNQNNFVHDCVNITIKQHTVTTTTKGENFTETDVKMMERVVEQMCVTQYQKESQAYYDGRRSSSTVLFSSPPVILLISFLIFLIVG
P07897	19	2124	Metazoa	Rattus norvegicus	MTTLLLVFVTLRVIAAVISEEVPDHDNSLSVSIPQPSPLKALLGTSLTIPCYFIDPMHPVTTAPSTAPLTPRIKWSRVSKEKEVVLLVATEGQVRVNSIYQDKVSLPNYPAIPSDATLEIQNLRSNDSGIYRCEVMHGIEDSEATLEVIVKGIVFHYRAISTRYTLDFDRAQRACLQNSAIIATPEQLQAAYEDGFHQCDAGWLADQTVRYPIHTPREGCYGDKDEFPGVRTYGIRDTNETYDVYCFAEEMEGEVFYATSPEKFTFQEAANECRTVGARLATTGQLYLAWQGGMDMCSAGWLADRSVRYPISKARPNCGGNLLGVRTVYLHANQTGYPDPSSRYDAICYTGEDFVDIPENFFGVGGEEDITIQTVTWPDLELPLPRNITEGEARGNVILTAKPIFDMSPTVSEPGEALTLAPEVGTTVFPEAGERTEKTTRPWGFPEEATRGPDSATAFASEDLVVRVTISPGAVEVPGQPRLPGGVVFHYRPGSTRYSLTFEEAQQACIRTGAAIASPEQLQAAYEAGYEQCDAGWLQDQTVRYPIVSPRTPCVGDKDSSPGVRTYGVRPSSETYDVYCYVDKLEGEVFFATQMEQFTFQEAQAFCAAQNATLASTGQLYAAWSQGLDKCYAGWLADGTLRYPIVNPRPACGGDKPGVRTVYLYPNQTGLPDPLSKHHAFCFRGVSVVPSPGGTPTSPSDIEDWIVTRVEPGVDAVPLEPETTEVPYFTTEPEKQTEWEPAYTPVGTSPLPGIPPTWLPTVPAAEEHTESPSASQEPSASQVPSTSEEPYTPSLAVPSGTELPSSGDTSGAPDLSGDFTGSTDTSGRLDSSGEPSGGSESGLPSGDLDSSGLGPTVSSGLPVESGSASGDGEIPWSSTPTVDRLPSGGESLEGSASASGTGDLSGLPSGGEITETSASGTEEISGLPSGGDDLETSTSGIDGASVLPTGRGGLETSASGVEDLSGLPSGEEGSETSTSGIEDISVLPTGESPETSASGVGDLSGLPSGGESLETSASGVEDVTQLPTERGGLETSASGIEDITVLPTGRENLETSASGVEDVSGLPSGKEGLETSASGIEDISVFPTEAEGLETSASGGYVSGIPSGEDGTETSTSGVEGVSGLPSGGEGLETSASGVEDLGLPTRDSLETSASGVDVTGYPSGREDTETSVPGVGDDLSGLPSGQEGLETSASGAEDLGGLPSGKEDLVGSASGALDFGKLPSGTLGSGQTPEASGLPSGFSGEYSGVDIGSGPSSGLPDFSGLPSGFPTVSLVDSTLVEVITATTASELEGRGTISVSGSGEESGPPLSELDSSADISGLPSGTELSGQTSGSLDVSGETSGFFDVSGQPFGSSGTGEGTSGIPEVSGQAVRSPDTTEISELSGLSSGQPDVSGEGSGILFGSGQSSGITSVSGETSGISDLSGQPSGFPVLSGTTPGTPDLASGAMSGSGDSSGITFVDTSLIEVTPTTFREEEGLGSVELSGLPSGETDLSGTSGMVDVSGQSSGAIDSSGLISPTPEFSGLPSGVAEVSGEVSGVETGSSLSSGAFDGSGLVSGFPTVSLVDRTLVESITLAPTAQEAGEGPSSILEFSGAHSGTPDISGDLSGSLDQSTWQPGWTEASTEPPSSPYFSGDFSSTTDASGESITAPTGSGETSGLPEVTLITSELVEGVTEPTVSQELGHGPSMTYTPRLFEASGEASASGDLGGPVTIFPGSGVEASVPEGSSDPSAYPEAGVGVSAAPEASSQLSEFPDLHGITSASRETDLEMTTPGTEVSSNPWTFQEGTREGSAAPEVSGESSTTSDIDAGTSGVPFATPMTSGDRTEISGEWSDHTSEVNVTVSTTVPESRWAQSTQHPTETLQEIGSPNPSYSGEETQTAETAKSLTDTPTLASPEGSGETESTAADQEQCEEGWTKFQGHCYRHFPDRETWVDAERRCREQQSHLSSIVTPEEQEFVNKNAQDYQWIGLNDRTIEGDFRWSDGHSLQFEKWRPNQPDNFFATGEDCVVMIWHERGEWNDVPCNYQLPFTCKKGTVACGEPPAVEHARTLGQKKDRYEISSLVRYQCTEGFVQRHVPTIRCQPSADWEEPRITCTDPNTYKHRLQKRTMRPTRRSRPSMAH
P07981	22	459	Fungi	Hypocrea jecorina	MAPSVTLPLTTAILAIARLVAAQQPGTSTPEVHPKLTTYKCTKSGGCVAQDTSVVLDWNYRWMHDANYNSCTVNGGVNTTLCPDEATCGKNCFIEGVDYAASGVTTSGSSLTMNQYMPSSSGGYSSVSPRLYLLDSDGEYVMLKLNGQELSFDVDLSALPCGENGSLYLSQMDENGGANQYNTAGANYGSGYCDAQCPVQTWRNGTLNTSHQGFCCNEMDILEGNSRANALTPHSCTATACDSAGCGFNPYGSGYKSYYGPGDTVDTSKTFTIITQFNTDNGSPSGNLVSITRKYQQNGVDIPSAQPGGDTISSCPSASAYGGLATMGKALSSGMVLVFSIWNDNSQYMNWLDSGNAGPCSSTEGNPSNILANNPNTHVVFSNIRWGDIGSTTNSTAPPPPPASSTTFSTTRRSSTTSSSPSCTQTHWGQCGGIGYSGCKTCTSGTTCQYSNDYYSQCL
P08603	18	1231	Metazoa	Homo sapiens	MRLLAKIICLMLWAICVAEDCNELPPRRNTEILTGSWSDQTYPEGTQAIYKCRPGYRSLGNVIMVCRKGEWVALNPLRKCQKRPCGHPGDTPFGTFTLTGGNVFEYGVKAVYTCNEGYQLLGEINYRECDTDGWTNDIPICEVVKCLPVTAPENGKIVSSAMEPDREYHFGQAVRFVCNSGYKIEGDEEMHCSDDGFWSKEKPKCVEISCKSPDVINGSPISQKIIYKENERFQYKCNMGYEYSERGDAVCTESGWRPLPSCEEKSCDNPYIPNGDYSPLRIKHRTGDEITYQCRNGFYPATRGNTAKCTSTGWIPAPRCTLKPCDYPDIKHGGLYHENMRRPYFPVAVGKYYSYYCDEHFETPSGSYWDHIHCTQDGWSPAVPCLRKCYFPYLENGYNQNYGRKFVQGKSIDVACHPGYALPKAQTTVTCMENGWSPTPRCIRVKTCSKSSIDIENGFISESQYTYALKEKAKYQCKLGYVTADGETSGSITCGKDGWSAQPTCIKSCDIPVFMNARTKNDFTWFKLNDTLDYECHDGYESNTGSTTGSIVCGYNGWSDLPICYERECELPKIDVHLVPDRKKDQYKVGEVLKFSCKPGFTIVGPNSVQCYHFGLSPDLPICKEQVQSCGPPPELLNGNVKEKTKEEYGHSEVVEYYCNPRFLMKGPNKIQCVDGEWTTLPVCIVEESTCGDIPELEHGWAQLSSPPYYYGDSVEFNCSESFTMIGHRSITCIHGVWTQLPQCVAIDKLKKCKSSNLIILEEHLKNKKEFDHNSNIRYRCRGKEGWIHTVCINGRWDPEVNCSMAQIQLCPPPPQIPNSHNMTTTLNYRDGEKVSVLCQENYLIQEGEEITCKDGRWQSIPLCVEKIPCSQPPQIEHGTINSSRSSQESYAHGTKLSYTCEGGFRISEENETTCYMGKWSSPPQCEGLPCKSPPEISHGVVAHMSDSYQYGEEVTYKCFEGFGIDGPAIAKCLGEKWSHPPSCIKTDCLSLPSFENAIPMGEKKDVYKAGEQVTYTCATYYKMDGASNVTCINSRWTGRPTCRDTSCVNPPTVQNAYIVSRQMSKYPSGERVRYQCRSPYEMFGDEEVMCLNGNWTEPPQCKDSTGKCGPPPPIDNGDITSFPLSVYAPASSVEYQCQNLYQLEGNKRITCRNGQWSEPPKCLHPCVISREIMENYNIALRWTAKQKLYSRTGESVEFVCKRGYRLSSRSHTLRTTCWDGKLEYPTCAKR
P0DKU2	15	145	Metazoa	Pandinus imperator	MVDLARRCSGSTEGRFLMWECTKWCGPGNNAKCESDLGPLEADKCCRTHDHCDYIASGETKYGITNYAFFTKLNCKCEEAFDRCLTEAYNKEEKESAKSSTKRLQNFYFGTYSPECYVVTCNSKRSGRDAGCENGVATWKKSYKD
Q12127	18	133	Fungi	Saccharomyces cerevisiae	MQFSTVASIAAVAAVASAAANVTTATVSQESTTLVTITSCEDHVCSETVSPALVSTATVTVDDVITQYTTWCPLTTEAPKNGTSTAAPVTSTEAPKNTTSAAPTHSVTSYTGAAAKALPAAGALLAGAAALLL
Q13478	18	541	Metazoa	Homo sapiens	MNCRELPLTLWVLISVSTAESCTSRPHITVVEGEPFYLKHCSCSLAHEIETTTKSWYKSSGSQEHVELNPRSSSRIALHDCVLEFWPVELNDTGSYFFQMKNYTQKWKLNVIRRNKHSCFTERQVTSKIVEVKKFFQITCENSYYQTLVNSTSLYKNCKKLLLENNKNPTIKKNAEFEDQGYYSCVHFLHHNGKLFNITKTFNITIVEDRSNIVPVLLGPKLNHVAVELGKNVRLNCSALLNEEDVIYWMFGEENGSDPNIHEEKEMRIMTPEGKWHASKVLRIENIGESNLNVLYNCTVASTGGTDTKSFILVRKADMADIPGHVFTRGMIIAVLILVAVVCLVTVCVIYRVDLVLFYRHLTRRDETLTDGKTYDAFVSYLKECRPENGEEHTFAVEILPRVLEKHFGYKLCIFERDVVPGGAVVDEIHSLIEKSRRLIIVLSKSYMSNEVRYELESGLHEALVERKIKIILIEFTPVTDFTFLPQSLKLLKSHRVLKWKADKSLSYNSRFWKNLLYLMPAKTVKPGRDEPEVLPVLSES
Q14802	20	87	Metazoa	Homo sapiens	MQKVTLGLLVFLAGFPVLDANDLEDKNSPFYYDWHSLQVGGLICAGVLCAMGIIIVMSAKCKCKFGQKSGHHPGETPPLITPGSAQS
Q16602	22	461	Metazoa	Homo sapiens	MEKKCTLYFLVLLPFFMILVTAELEESPEDSIQLGVTRNKIMTAQYECYQKIMQDPIQQAEGVYCNRTWDGWLCWNDVAAGTESMQLCPDYFQDFDPSEKVTKICDQDGNWFRHPASNRTWTNYTQCNVNTHEKVKTALNLFYLTIIGHGLSIASLLISLGIFFYFKSLSCQRITLHKNLFFSFVCNSVVTIIHLTAVANNQALVATNPVSCKVSQFIHLYLMGCNYFWMLCEGIYLHTLIVVAVFAEKQHLMWYYFLGWGFPLIPACIHAIARSLYYNDNCWISSDTHLLYIIHGPICAALLVNLFFLLNIVRVLITKLKVTHQAESNLYMKAVRATLILVPLLGIEFVLIPWRPEGKIAEEVYDYIMHILMHFQGLLVSTIFCFFNGEVQAILRRNWNQYKIQFGNSFSNSEALRSASYTVSTISDGPGYSHDCPSEHLNGKSIHDIENVLLKPENLYN
Q1XG90	18	135	Metazoa	Crassostrea virginica	MNFLILFCVVASASVVYSSISDQCLRCICEVESGCRAIGCHWDVYSNSCGYFQIKQGYWTDCGSPGHSMESCADNYNCASGCVRSYMDHYIKYNGCADTCESYARMHNGGPNGCKSSHHHATDNYWRLVQAKGCS
Q29486	17	524	Metazoa	Felis catus	MISPFLVLAIGTCLTNSLVPEKEKDPKYWRDQAQQTLKNALRLQKLNTNVVKNVIMFLGDGMGVSTVTAARILKGQLHHNPGEETRLEMDKFPYVALSKTYNTNAQVPDSAGTATAYLCGVKANEGTVGVSAATQRTQCNTTQGNEVTSILRWAKDSGKSVGIVTTTRVNHATPSAAYAHSADRDWYSDNEMPPEALSQGCKDIAYQLMHNVRDIEVIMGGGRKYMFPKNRTDVEYEMDEKARGTRLDGLNLVDIWKSFKPRHKHSHYVWNRTELLTLDPYGVDYLLGLFEPGDMQYELNRNSTTDPSLSEMVEIAIKILSKNPKGFFLLVEGGRIDHGHHEGKAKQALHEAVEMDQAIGRAGAMTSVEDTLTIVTADHSHVFTFGGYTPRGNSIFGLAPMVSDTDKKPFTSILYGNGPGYKVVGGERENVSMVDYAHNNYQAQSAVPLRHETHGGEDVAVFAKGPMAHLLHGVHEQNYIPHVMAYAACIGANLDHCASASSAGGPSPGPLFLLLALPSLGILF
P34998	23	444	Metazoa	Homo sapiens	MGGHPQLRLVKALLLLGLNPVSASLQDQHCESLSLASNISGLQCNASVDLIGTCWPRSPAGQLVVRPCPAFFYGVRYNTTNNGYRECLANGSWAARVNYSECQEILNEEKKSKVHYHVAVIINYLGHCISLVALLVAFVLFLRLRPGCTHWGDQADGALEVGAPWSGAPFQVRRSIRCLRNIIHWNLISAFILRNATWFVVQLTMSPEVHQSNVGWCRLVTAAYNYFHVTNFFWMFGEGCYLHTAIVLTYSTDRLRKWMFICIGWGVPFPIIVAWAIGKLYYDNEKCWFGKRPGVYTDYIYQGPMILVLLINFIFLFNIVRILMTKLRASTTSETIQYRKAVKATLVLLPLLGITYMLFFVNPGEDEVSRVVFIYFNSFLESFQGFFVSVFYCFLNSEVRSAIRKRWHRWQDKHSIRARVARAMSIPTSPTRVSFHSIKQSTAV
P48765	32	970	Metazoa	Bos taurus	MLQFSLSPTLSMGFHVIAMVALLFSHVDHISAETEMEGEGNETGECTGSYYCKKGVILPIWEPQDPSFGDKIARATVYFVAMVYMFLGVSIIADRFMSSIEVITSQEKEITIKKPNGETTKTTVRIWNETVSNLTLMALGSSAPEILLSVIEVCGHNFTAGDLGPSTIVGSAAFNMFIIIALCVYVVPDGETRKIKHLRVFFVTAAWSIFAYTWLYIILSVSSPGVVEVWEGLLTFFFFPICVVFAWVADRRLLFYKYVYKRYRAGKQRGMIIEHEGDRPSSKTEIEMDGKVVNSHVDSFLDGALVLEVDERDQDDEEARREMARILKELKQKHPEKEIEQLIELANYQVLSQQQKSRAFYRIQATRLMTGAGNILKRHAADQARKAVSMHEVNTEVAENDPVSKIFFEQGTYQCLENCGTVALTIIRRGGDLTNTVFVDFRTEDGTANAGSDYEFTEGTVVFKPGETQKEIRVGIIDDDIFEEDENFLVHLSNVKVSLEASEDGILEASHVSTLACLGSPSTATVTIFDDDHAGIFTFEEPVTHVSESIGIMEVKVLRTSGARGNVIVPYKTIEGTARGGGEDFEDTCGELEFQNDEIVKTISVKVIDDEEYEKNKTFFLEIGEPRLVEMSEKKALLLNELGGFTITGKYLYGQPVFRKVHAREHPLPSTIITIADEYDDKQPLTSKEEEERRIAEMGRPILGEHTRLEVIIEESYEFKSTVDKLIKKTNLALVVGTNSWREQFIEAITVSAGEDDDDDECGEEKLPSCFDYVMHFLTVFWKVLFAFVPPTEYWNGWACFIVSILMIGLLTAFIGDLASHFACTIALKDSVTAVVFVALGTSVPDTFASKVAATQDQYADASIGNVTGSNAVNVFLGIGVAWSIAAIYHAANGEQFKVSPGTLAFSVTLFTIFAFINVGVLLYRRRPEIGGELGGPRTAKLLTSCLFVLLWLLYIFFSSLEAYCHIKGF
P52706	27	563	Viridiplantae	Prunus serotina	MEKSTMSAILLVLHLFVLLLQYSEVHSLATTSNHDFSYLRFAYDATDLELEGSYDYVIVGGGTSGCPLAATLSEKYKVLVLERGSLPTAYPNVLTADGFVYNLQQEDDGKTPVERFVSEDGIDNVRGRVLGGTSMINAGVYARANTSIYSASGVDWDMDLVNKTYEWVEDTIVFKPNYQPWQSVTGTAFLEAGVDPNHGFSLDHEAGTRITGSTFDNKGTRHAADELLNKGNSNNLRVGVHASVEKIIFSNAPGLTATGVIYRDSNGTPHRAFVRSKGEVIVSAGTIGTPQLLLLSGVGPESYLSSLNIPVVLSHPYVGQFLHDNPRNFINILPPNPIEPTIVTVLGISNDFYQCSFSSLPFTTPPFSFFPSTSYPLPNSTFAHFASKVAGPLSYGSLTLKSSSNVRVSPNVKFNYYSNPTDLSHCVSGMKKIGELLSTDALKPYKVEDLPGIEGFNILGIPLPKDQTDDAAFETFCRESVASYWHYHGGCLVGKVLDGDFRVTGIDALRVVDGSTFPYTPASHPQGFYLMLGRYVGIKILQERSASDLKILDSLKSAASLVL
Q9UBN6	55	386	Metazoa	Homo sapiens	MGLWGQSVPTASSARAGRYPGARTASGTRPWLLDPKILKFVVFIVAVLLPVRVDSATIPRQDEVPQQTVAPQQQRRSLKEEECPAGSHRSEYTGACNPCTEGVDYTIASNNLPSCLLCTVCKSGQTNKSSCTTTRDTVCQCEKGSFQDKNSPEMCRTCRTGCPRGMVKVSNCTPRSDIKCKNESAASSTGKTPAAEETVTTILGMLASPYHYLIIIVVLVIILAVVVVGFSCRKKFISYLKGICSGGGGGPERVHRVLFRRRSCPSRVPGAEDNARNETLSNRYLQPTQVSEQEIQGQELAELTGVTVELPEEPQRLLEQAEAEGCQRRRLLVPVNDADSADISTLLDASATLEEGHAKETIQDQLVGSEKLFYEEDEAGSATSCL
Q9UIK5	40	374	Metazoa	Homo sapiens	MVLWESPRQCSSWTLCEGFCWLLLLPVMLLIVARPVKLAAFPTSLSDCQTPTGWNCSGYDDRENDLFLCDTNTCKFDGECLRIGDTVTCVCQFKCNNDYVPVCGSNGESYQNECYLRQAACKQQSEILVVSEGSCATDAGSGSGDGVHEGSGETSQKETSTCDICQFGAECDEDAEDVWCVCNIDCSQTNFNPLCASDGKSYDNACQIKEASCQKQEKIEVMSLGRCQDNTTTTTKSEDGHYARTDYAENANKLEESAREHHIPCPEHYNGFCMHGKCEHSINMQEPSCRCDAGYTGQHCEKKDYSVLYVVPGPVRFQYVLIAAVIGTIQIAVICVVVLCITRKCPRSNRIHRQKQNTGHYSSDNTTRASTRLI
Q9V496	25	3351	Metazoa	Drosophila melanogaster	MARMKYNIALIGILASVLLTIAVNAENACNLGCPKSDNGLLKYIPGNYYDYSFDSILTIGASSDVPNDSDDTSLKVSGSAKIFAKGNCGYTLQLSSVKVTNTKESVEKKILNSIQKPVQFTLVSGILEPQICSDSSDLDYSLNIKRAVVSLLQSGIEAEHEVDVFGMCPTHTSTSKVGNANIITKARNLNSCSHREQINSGLVSGKVNEKAGITSSLLLQANYIKESRIVNHLIENVQLTETYKFIGNTKRNSDISAKVVTILKLKNPSGTKANSPGTGSTVRSLIFQRPETYTSKNINALKTILSDLVDSTGDYVKKETAKKFVEFIRLLRQSDSETLLELAAFPHPNKVLARKVYLDGLFRTSTAESARVILKQLSKFDEKEKLLAILSLNIVKSVDKETLNQAASQLLPNAPKELYIAVGNLVAKYCLKNYCQGPEIDAISKKFSDGLKHCKPNTKREEERIVYILKGLGNAKSLSGNTVAALSECASTGRSNRIRVAALHAFSKVKCEETLQSKSLELLKNRNEDSELRIEAYLSAISCPNAEVANQISEIVNSETVNQVGGFISSNLKAIRDSTDVSRDQQKYHLANIRVTKTFPVDYRRYSFNNEVSYKLESLGVGASTDYQIIYSQHGFLPRSSRINVTTEFFGTNYNVFEASVRQENVEDVLEYYLGPKGLVNKDFDEIVKLIEVGNNGVAAGGRARRSIVDDVSKISKKYKMYGVKNVQDLNLDVSLKLFGSELAFLSLGDNIPSSLDDIINYFSTSFEKAKQELSSFEKQFSSHHLFLDTDLAYPTSIGVPLELVAQGFAATKVDLAVSLDINAILEQNWQKAKYRLKFVPSVDINANVQIGFNAQVLSTGLRVVSSAHSATGSDITVAVISDGEGFNVDLELPREKLELINFNVDTELYVAEQDKQKAIALKGNKKNKNSQPSEICFNQLELVGLNICIKSSTSLSEVQAGNGNVAERGLSVSEKFHLSRPFNFAVYLTTERKFTFKGIHTQEAFSQKWKLDYSTPGSKVSHDTTVVYELGNKPKTFSRLSFDNSQCHFAVEGGINNDKNELVVYGQYEQDKEIKKSKIGFSKNGNEYKPLIEIQDNNGISNSINGYHADGKIVVKKNSNNIERYNFENFQVSNSNNAHVAVNGWSDVGTNSLTSELRISLDHQTFLIKENLKLENGLYEAGFFINDEHSPENIYGSSIHLTIADQSYALKTNGKAAAWSIGSDGSFNFQKLADSNSARAGSLVENVEIQYKNKQVGGIKIMSNFDVNKMDVDVEISREQKIGSIIVKYESNQRHAQDYSLEASAKINKHSIDVISKCDFNGNVYVVDNSLVTSWGTLLSAKGEIGQRYSAQDININIQGNVQISGKDKVTQWILKVIGTPDKTNSDFRISRDTSELIKLTSESQHPQDKISFAKLNLIVKNQLTAKGEFRVAKNGKGDFTASIDTLKTEPKHKLEIESKFHIQSPKYDIDASLTLDGKRKVHLKSENTIEKLKFSTKNIGEANDKIIAFEANGSLKGELRGNGEIQGTFIFNAPDGRVIDGSINRKISTNAKSGLSQGNIDAQLSDTPFGSNKKRSISLIGKLDRLNTKTKEFSANSNLVYTAFNGEKSEISYQIKQQPNGDAKNIDFSLKAYGNPLPQPFEIAFALGDYSAQHAVVSITSKYGEIFSVSANGNYNNNQALEYGLQANIEIPKSTLKSLEINSHGKVLKSLIGNENAAYNVEFFLDSKTSLGQYARVNTVWNGTANDGSYDFEAQTNNMESPLKFNGKYHRKQTGNIKDGDLTGKQTYVLNAQYGAQYVKMDASLGYGAEKVDIAYVIDSSFDSVKDIKVNIRTFKPLDDSTYVVTALFKQTDKSYGLDTTFYHSAHKKGVDIRLDLLKEKPIIISSIAELLGDRKGKVLFEILNLADLDIKINSEASYVSIDEFYIIVNWSSKKLKLDGYELEARAQSKNIKIQLKNENGIIFSGTATYALKKELNKTIIDGQGKVQYQGKALSGNFKLTRQHFDFGTDREVGFSYTFMGNLGSKNGLGTLKITNKEFNTKFSVCEEKRQCTNLIVQSIVSIDEQKLDAVEHTTLIIVDLRDFGYPYEFELKSQNTRQGLKYQYHLDSFIITGNNFKYQFTANVQPTSSTIKLALPKRQILFETTQKIPADGSLFGRYEQTASFFIDKLQKPDDVARFSAIVDVTGTERVAFNANGKLKFEHPTIRPLSISGQLNGDVNQQIASAEVIFDIFRLPEQKVVGNSELRNSRSQNGFNIAYITTVKSAGLQFQYQINSNAAVDIEAHEYNIGLELNNGEIDVKAISFLNKEKFEISLSESNKHIIYIVGDFSKQNHYAKLNTKVQILDKNPIEITSEVQPNSAKIILKRQDFIDGTAEVKLGKEFKVDVIGSGKQLFNGRVALDATNFLQTNYFINEDHLNGFWHIVESEINKDSEYISENIKERLKKSRQVTDKIVKLAKEAGPDFSKLQGKLLDYKNDIVQELEADQSIAPIIDGIRTLFKKIAGIVDDINKAISEILEKAQKSIVDIYDKLQALWKDSLLKAWEDFIITVQKLISTLKTEFIKICTQSFKDLLSALEKYGPALKNYGKAIGEIVKPINDAAQEVIKIVVNAAEGVTHEFKQYVASLPSFESIRNEFNDKVKVLKLFEKATELTNSLFDQINILPQTPETSEFLQKLHDYLIAKLKQEHIDNEKYIEELGQLLIKAVRSIWVSIRSTYPGSSDHVIDFQSWIGSLTHSFDSLAVLPSILSFRSSILNCLLNENWDVVFNKKLLYSWIFFNDFELRGHVVDGKHIFTFDGLNFAYPGNCKYILAQDSVDNNFTIIGQLTNGKLKSITLIDREGSYFEVADNLALKLNGNLVEYPQHLSGLHAWRRFYTIHLYSEYGVGIVCTSDLKVCHININGFYTSKTRGLLGNGNAEPYDDFLLIDGTLAENSAALGNDYGVGKCTAIEFDNNQFKSSKRQEMCSELFGIESTLAFNFITLDSRPYRKACDIALAKVAEKEKEATACTFALAYGSAVKQINKWVLLPPRCIKCAGPAGQHDFGDEFTVKLPNNKVDVVFVVDINVTPGVLSNLIAPAINDIRESLRSRGFSDVQVGVIVFEETKRYPALLTSDGGKINYKGNVADVKLAGIKSFCDNCVEQIITEKRILDIYNSLKEIVKGIAPQADEKAFQLALDYPFRAGAAKSIIGVRSDSLEYKNWWKFVRAQLTGSITKFDGALIHLIAPVKGLSLEGVLSEKLIGFNSRLVATVDGKDSKKRTKLQFDNDMGIDFVLNNGGWVFATQNFEKLKASDQKKMLNQITSSLADTLFKTEIVSDCRCLPIHGLHGQHKCVIKSSTFVANKKAKSA
Q9VG55	24	191	Metazoa	Drosophila melanogaster	MCGPSYCTLLLIAASCYILVCSHAKSLQGTSKLDLGNHISAGSARGSLSPASPALSEARQKRAMGDYKELTDIIDELEENSLAQKASATMQVAAMPPQGQEFDLDTMPPLTYYLLLQKLRQLQSNGEPAYRVRTPRLGRSIDSWRLLDAEGATGMAGGEEAIGGQFMQRMVKKSVPFKPRLGKRAQVCGGD
A0A0R4I951	23	70	Metazoa	Scolopendra dehaani	MKFSMAILLVMAPIMFSLDKCYSADDKCEDSLRREIACTKCRDRVRTDDYFYECCTSESTFKKCQTMLHQ
P24817	23	286	Viridiplantae	Momordica charantia	MVKCLLLSFLIIAIFIGVPTAKGDVNFDLSTATAKTYTKFIEDFRATLPFSHKVYDIPLLYSTISDSRRFILLNLTSYAYETISVAIDVTNVYVVAYRTRDVSYFFKESPPEAYNILFKGTRKITLPYTGNYENLQTAAHKIRENIDLGLPALSSAITTLFYYNAQSAPSALLVLIQTTAEAARFKYIERHVAKYVATNFKPNLAIISLENQWSALSKQIFLAQNQGGKFRNPVDLIKPTGERFQVTNVDSDVVKGNIKLLLNSRASTADENFITTMTLLGESVVN
P26205	11	425	Viridiplantae	Trifolium repens	LLSITTTHIHAFKPLPISFDDFSDLNRSCFAPGFVFGTASSAFQYEGAAFEDGKGPSIWDTFTHKYPEKIKDRTNGDVAIDEYHRYKEDIGIMKDMNLDAYRFSISWPRVLPKGKLSGGVNREGINYYNNLINEVLANGMQPYVTLFHWDVPQALEDEYRGFLGRNIVDDFRDYAELCFKEFGDRVKHWITLNEPWGVSMNAYAYGTFAPGRCSDWLKLNCTGGDSGREPYLAAHYQLLAHAAAARLYKTKYQASQNGIIGITLVSHWFEPASKEKADVDAAKRGLDFMLGWFMHPLTKGRYPESMRYLVRKRLPKFSTEESKELTGSFDFLGLNYYSSYYAAKAPRIPNARPAIQTDSLINATFEHNGKPLGPMAASSWLCIYPQGIRKLLLYVKNHYNNPVIYITENGRNSSTINTVTSRIPF
P34746	17	204	Metazoa	Oreochromis mossambicus	MNSVVLQLSVVCLGVSSQQITDSQRLFSIAVNRVTHLYLLAQRLFSDFESSLQTEEQRQLNKIFLQDFCNSDYIISPIDKHETQRSSVLKLLSISYGLVESWEFPSRSLSGGSSLRNQISPRLSELKTGILLLIRANQDEAENYPDTDTLQHAPYGNYYQSLGGNESLRQTYELLACFKKDMHKVETYLTVAKCRLSPEANCTL
P39457	9	612	Fungi	Penicillium chrysogenum	DITFAGVQRALPNAPDGYVPTSVSCPASRPTVRSAAKLSTNETSWLEVRRGKTLSALKDFFGHVKVGDYDVGAYLDKHSGNSSSLPNIGIAVSGGGWRALMNGAGAVKAFDSRTDNATATGHLGGLLQSATYISGLSGGSWLLGSIYINNFTTVDKLQTHEAGSVWQFGNSIIEGPDAGGIQLLDSAGYYKDLADAVDGKKKAGFDTTLTDIWGRALSYQMFNASNGGLSYTWSSIADTPEFQDGDYPMPFVVADGRNPGELVIGSNSTVYEFNPWEFGTFDPTIFGFVPLEYLGSKFEGGSLPSNESCIRGFDSAGFVIGTSSSLFNQFLLQINTTSLPSFIKDVFNGILFDLDKSQNDIASYDPNPFYKYNEHSSPYAAQKLLDVVDGGEDGQNVPLHPLIQPERHVDVIFAVDSSADTDYFWPNGTSLVATYERSLNSSGIANGTAFPAVPDQNTFINLGLSTRPSFFGCDSSNQTGPSPLVVYIPNAPYSYHSNISTFQLSTDDAERDNIILNGYEVATMANSTLDDNWTACVACAILSRSFERTGTTLPDICSQCFDRYCWNGTVNSTRPESYDPAFYLADNSMASVSLPTMLSTVVAAGLAMLILV
P41822	27	209	Metazoa	Aedes aegypti	MMKSVFFGVVAITVAILSIYQETAQAQEQTVGATDNYQWDSVDDQCLAALHRQINKEFDASIIYLKYAAYFAQEKINLPGFEKFFFHSAAEEREHGIKLIEYALMRGKAPVDKHFKLNYDHEVPTVTTGESALETALQKEVEVTKSIRGVIKACEDGSNDFHLADYLTGEYLDEQHKGQRELAEKIATLKKMKKSAPKLGEFLFDKNHM
P48816	18	137	Metazoa	Bombyx mori	MQKLIIFALVVLCVGSEAKTFTRCGLVHELRKHGFEENLMRNWVCLVEHESSRDTSKTNTNRNGSKDYGLFQINDRYWCSKGASPGKDCNVKCSDLLTDDITKAAKCAKKIYKRHRFDAWYGWKNHCQGSLPDISSC
Q7SZI7	22	1219	Metazoa	Xenopus laevis	MPPLFQALTTALFFCGIASNPLFQPSLVMDMAKVLLDNYCFPENLVGMQETIEQAVKGGEILHISDPDTLANVFTSGVQGYLNDPRLVVSYEPNYSGPQTEQSLELTPEQLKFLINHSVKYDILPGNIGYLRIDFIIGQDVVQKVGPHLVNNIWKKLMPTSALILDLRYSTQGEVSGIPFVVSYLCDSEIHIDSIYNRPSNTTTDLWTLPELMGERYGKVKDVVVLTSKYTKGVAEDASYILKHMNRAIVVGEKTAGGSLDTQKIKIGQSDFYITVPVSRSLSPLTGQSWEVSGVSPCVVVNAKDALDKAQAILAVRSSVTHVLHQLCDILANNYAFSERIPTLLQHLPNLDYSTVISEEDIAAKLNYELQSLTEDPRLVLKSKTDTLVMPGDSIQAENIPEDEAMLQALVNTVFKVSILPGNIGYLRFDQFADVSVIAKLAPFIVNTVWEPITITENLIIDLRYNVGGSSTAVPLLLSYFLDPETKIHLFTLHNRQQNSTDEVYSHPKVLGKPYGSKKGVYVLTSHQTATAAEEFAYLMQSLSRATIIGEITSGNLMHSKVFPFDGTQLSVTVPIINFIDSNGDYWLGGGVVPDAIVLADEALDKAKEIIAFHPSIFPLVKGTGHLLEVHYAIPEVAYKVSSVLQNKWSEGGYRSVVDLESLASLLTSEMQENSGDHRLHVFYSDTEPEILEDQPPKIPSPEELNYIIDALFKIEVLPGNVGYLRFDMMADTEIIKAIGPQLVSLVWNKLVETNSLIIDMRYNTGGYSTAIPIFCSYFFDPEPLQHLYTVYDRSTSTGKDIWTLPEVFGERYGSTKDIYILTSHMTGSAAEVFTRSLKDLNRATLIGEPTSGVSLSVGMYKVGDSNLYVTIPNQVVISSVTGKVWSVSGVEPHVIIQANEAMNIAHRIIKLRTKIPTVIQTAAKLVADNYAFADTGANVASKFIALVDKIDYKMIKSEVELAEKINDDLQSLSKDFHLKAVYIPENSKDRIPGVVPMQIPSPELFEELIKFSFHTDVFEKNIGYIRFDMFADSDLLNQVSDLLVEHVWKKVVDQDALIIDMRFNIGGPTSSIPIFCSYFFDEGTPVLLDKIYSRTSNAMTDIWTLPDLVGKTFGSKKPLIILTSSLTEGAAEEFVYIMKRLGRAYVVGEVTSGGCHPPQTYHVDDTHLYLTIPTSRSASAEPGESWEGKGVLPDLEISSETALLKAKEILESQLEGRR
Q9H5V8	29	836	Metazoa	Homo sapiens	MAGLNCGVSIALLGVLLLGAARLPRGAEAFEIALPRESNITVLIKLGTPTLLAKPCYIVISKRHITMLSIKSGERIVFTFSCQSPENHFVIEIQKNIDCMSGPCPFGEVQLQPSTSLLPTLNRTFIWDVKAHKSIGLELQFSIPRLRQIGPGESCPDGVTHSISGRIDATVVRIGTFCSNGTVSRIKMQEGVKMALHLPWFHPRNVSGFSIANRSSIKRLCIIESVFEGEGSATLMSANYPEGFPEDELMTWQFVVPAHLRASVSFLNFNLSNCERKEERVEYYIPGSTTNPEVFKLEDKQPGNMAGNFNLSLQGCDQDAQSPGILRLQFQVLVQHPQNESNKIYVVDLSNERAMSLTIEPRPVKQSRKFVPGCFVCLESRTCSSNLTLTSGSKHKISFLCDDLTRLWMNVEKTISCTDHRYCQRKSYSLQVPSDILHLPVELHDFSWKLLVPKDRLSLVLVPAQKLQQHTHEKPCNTSFSYLVASAIPSQDLYFGSFCPGGSIKQIQVKQNISVTLRTFAPSFQQEASRQGLTVSFIPYFKEEGVFTVTPDTKSKVYLRTPNWDRGLPSLTSVSWNISVPRDQVACLTFFKERSGVVCQTGRAFMIIQEQRTRAEEIFSLDEDVLPKPSFHHHSFWVNISNCSPTSGKQLDLLFSVTLTPRTVDLTVILIAAVGGGVLLLSALGLIICCVKKKKKKTNKGPAVGIYNDNINTEMPRQPKKFQKGRKDNDSHVYAVIEDTMVYGHLLQDSSGSFLQPEVDTYRPFQGTMGVCPPSPPTICSRAPTAKLATEEPPPRSPPESESEPYTFSHPNNGDVSSKDTDIPLLNTQEPMEPAE
Q9H9K5	26	563	Metazoa	Homo sapiens	MGSLSNYALLQLTLTAFLTILVQPQHLLAPVFRTLSILTNQSNCWLCEHLDNAEQPELVFVPASASTWWTYSGQWMYERVWYPQAEVQNHSTSSYRKVTWHWEASMEAQGLSFAQVRLLEGNFSLCVENKNGSGPFLGNIPKQYCNQILWFDSTDGTFMPSIDVTNESRNDDDDTSVCLGTRQCSWFAGCTNRTWNSSAVPLIGLPNTQDYKWVDRNSGLTWSGNDTCLYSCQNQTKGLLYQLFRNLFCSYGLTEAHGKWRCADASITNDKGHDGHRTPTWWLTGSNLTLSVNNSGLFFLCGNGVYKGFPPKWSGRCGLGYLVPSLTRYLTLNASQITNLRSFIHKVTPHRCTQGDTDNPPLYCNPKDNSTIRALFPSLGTYDLEKAILNISKAMEQEFSATKQTLEAHQSKVSSLASASRKDHVLDIPTTQRQTACGTVGKQCCLYINYSEEIKSNIQRLHEASENLKNVPLLDWQGIFAKVGDWFRSWGYVLLIVLFCLFIFVLIYVRVFRKSRRSLNSQPLNLALSPQQSAQLLVSETSCQVSNRAMKGLTTHQYDTSLL
Q9NJ98	19	487	Metazoa	Manduca sexta	MLKSVFVLFLVNYLNSVRCLEVPDAKLEAIYPKGLRVSIPDDGYTLFAFHGKLNEEMEGLEAGHWSRDITKAKNGRWIFRDRNAKLKIGDKIYFWTYILKDGLGYRQDNGEWTVTGYVNEDGEPLDANFEPRSTASTAAPPQAGAGQAPGPSYPCELSVSEVSVPGFVCKGQMLFEDNFNKPLADGRIWTPEIMFPGEPDYPFNVYMKETDNLHVGNGNLVIKPMPLVTAFGEDAIWKTLDLSDRCTGLLGTAQCKRDPSDAIIVPPIVTAKINTKKTFAFKYGRVEISAKMPRGDWLVPLIQLEPVNKNYGIRNYVSGLLRVACVKGNTEYIKTLVGGPIMSEAEPYRTANLKEFISNEPWTNEFHNYTLEWSPDAITMAVDGIVYGRVTAPAGGFYKEANEQNVEAAARWIQGSNIAPFDDMFYISLGMDVGGVHEFPDEAINKPWKNTATKAMVNFWNARSQWNPTWLESEKALLVDYVRVYAL
D7UQ40	25	515	Fungi	Alternaria solani	MRLIILNLLSLGITPSVVGHSGPHRQETQNLNNFLESNAINPAAINGETRHTGGVHLACAILEASNQTAVVFPSDGELYTQIDKAHASATAPKNPACIYTPNDVKGVSLGVKVATFVQAKFAIRSGGHSPMEYFANIDGGVLISLAGIKTLEYNADTQTQRSGFGNLWQDVYRHVNAQGRTVVGGRTGSVGLALTLGGGLSHFSNAYGWAAQNVLSYEMVLADGSIVIASEEENSDLYFAVKAGANNFGIVTHIVQRTYPLGKIWGGSMIFPGNASAQFMAALADYQAKGQLDKKSAILPYVGLIADAVVAQFSYLEPVERPEAFEAFYDIPVIQDLTQVWDTFAAMVTAPIPYNMTRFSYATTDLLYDKEAYLEIERICHKYIPRMRKLEGGDIMLMPQPISVSMVGEARARGSDPMGVADQPQLWFVVSSGWNLAQDDAEAESIMLDALAEVEEYTKSRALHLPFYFLNDAFSTQMPLQSYGAVTYGKLQAASRKYDPTRVFQELVPGGFKLV
G3MYZ3	21	604	Metazoa	Bos taurus	MKQLKLTGFVIFFFFLTESLTLPTQPQDVDDVRITQKFIDDNIGYITIIAFAQYIQEASFEEVEMLVKAMTEYRDKCLADRTLPECSKLANEVLLENICAMEGLPQKYNFSHCCHKVDFERRLCFFHNKKADIGLLPPLPTLDPEEKCQTYKNNRESFLNNYVYEVSRRNPFVFAPTLLTVAARFEEMTKTCCEEQEKANCFQTKAEPFIYYLKALSSYQKNACRALMKFGRQILQSINIAILSQKFPKIGFKQLTSLLEDVSSKYDGCCEGDVVQCIRGRSKVMSHICSKQDSISSKIKDCCEKKIPERGECIIYSNKDDRPNDLSLREAKFIESDNVCEKRDADQANFMAEFLYEYSRRHPELSTPELLRIAKVYKDLLKECCNMENPPECYRHAENRFNETTEKSLKIVQRECEHFQNLGKDDLKYHYLINLTKLAPQLSTEELTFLGKEMVMALTTCCTLSEEFACVDNLVDLVLGELCGINENRNINPAVDHCCKTNFAFRRSCFESLEADKTYVPPSTSQGLFTFHADLCQAHNEELQRKKDRFLVNLVKLKPELAGEELWSLLADFTNVVEKCCKAQEPEACFKEESPKLAAKSQAA
O48818	20	257	Viridiplantae	Arabidopsis thaliana	MAIKLAILFTTFVLFSLADARIPGIYSGGAWQNAHATFYGGSDASGTMGGACGYGNLYSQGYGTNTAALSTALFNNGMSCGACFELKCANDPQWCHSGSPSILITATNFCPPNLAQPSDNGGWCNPPREHFDLAMPVFLKIAQYRAGIVPVSYRRVPCRKRGGIRFTINGHRYFNLVLITNVAGAGDIVRASVKGSRTGWMSLSRNWGQNWQSNAVLVGQALSFRVTGSDRRTSTSWNMVPSNWQFGQTFVGKNFRV
P02659	24	106	Metazoa	Gallus gallus	MVQYRALVIAVILLLSTTVPEVHSKSIIDRERRDWLVIPDAAAAYIYEAVNKVSPRAGQFLLDVSQTTVVSGIRNFLINETARLTKLAEQLMEKIKNLCYTKVLGY
P04557	25	140	Metazoa	Bos taurus	MALRLGLFLIWAGVSMFLQLDPVNGDEQLSEDNVILPKEKKDPASGAETKDNKCVFPFIYGNKKYFDCTLHGSLFLWCSLDADYTGRWKYCTKNDYAKCVFPFIYEGKSYDTCIIIGSTFMNYWCSLSSNYDEDGVWKYC
P18892	26	526	Metazoa	Bos taurus	MAVFPNSCLAGCLLIFILLQLPKLDSAPFDVIGPQEPILAVVGEDAELPCRLSPNVSAKGMELRWFREKVSPAVFVSREGQEQEGEEMAEYRGRVSLVEDHIAEGSVAVRIQEVKASDDGEYRCFFRQDENYEEAIVHLKVAALGSDPHISMKVQESGEIQLECTSVGWYPEPQVQWRTHRGEEFPSMSESRNPDEEGLFTVRASVIIRDSSMKNVSCCIRNLLLGQEKEVEVSIPASFFPRLTPWMVAVAVILVVLGLLTIGSIFFTWRLYKERSRQRRNEFSSKEKLLEELKWKRATLHAVDVTLDPDTAHPHLFLYEDSKSVRLEDSRQKLPEKPERFDSWPCVMGREAFTSGRHYWEVEVGDRTDWAIGVCRENVMKKGFDPMTPENGFWAVELYGNGYWALTPLRTPLPLAGPPRRVGVFLDYESGDIFFYNMTDGSHIYTFSKASFSGPLRPFFCLWSCGKKPLTICPVTDGLEGVMVVADAKDISKEIPLSPMGEDSASGDIETLHSKLIPLQPSQGVP
P22864	19	373	Fungi	Aspergillus niger	MKYAAALTAIAALAARAAAVGVSGTPVGFASSATGGGDATPVYPTTTDELVSYLGDDEARVIVLSKTFDFTDTEGTTTTTGCAPWGTASGCQLAINKDDWCTNYEPDAPTTTVTYNTAGELGITVNSNKSLIGEGTSGVIKGRGLRMVSGVSNIIIQNIAVTDINPEYVWGGDAITLDEADLVWIDHVTTARIGRQHYVLGTDADSRVSITNNYINGESDYSATCDGHHYWNVYLDGSSDKVTFSGNYLYKTSGRAPKVQDNTYLHIYNNYWENNSGHAFEIGSGGYVLAEGNYFSNVDTVLETDTFEGALFSSDSASSTCESYIGRSCVANVNGGDLTGTSTTVLSNLSGDTLPSADAASTSPASNAGQGNL
P82977	12	84	Viridiplantae	Triticum aestivum	MSSVVKKPLGGNTDTGDHHNQKTEWPELVGKSVEEAKKVILQDKSEAQIVVLPVGTIVTMEYRIDRVRLFVDSLDKIAQVPRVG
P83313	22	82	Metazoa	Opistophthalmus carinatus	MNRKLLFVTLMVTMLVMQPSEGGKVWDWIKSTAKKLWNSEPVKELKNTALNAAKNLVAEKIGATPSEAGQMPFDEFMDILYE
P85261	24	213	Viridiplantae	Actinidia chinensis	MAQLSLLVLSLFLTLISLPPPGASISSCNGPCRDLNDCDGQLICIEGKCNDDPEVGTHICRGTTPSPQPGGCKPSGTLTCRGKSHPTYDCSPPVTSSTPAKLTNNDFSEGGDGGGPSECDESYHSNNERIVALSTGWYNGGSRCGKMIRITASNGKSVSAKVVDKCDSRHGCDKEHAGQPPCRNNIVDGSNAVWSALGLDKNVGVVDITWSMA
Q05091	24	330	Viridiplantae	Pyrus communis	MELKFSTFLSLTLLFSSVLNPALSDLCNPDDKKVLLQIKKAFGDPYVLASWKSDTDCCDWYCVTCDSTTNRINSLTIFAGQVSGQIPALVGDLPYLETLEFHKQPNLTGPIQPAIAKLKGLKSLRLSWTNLSGSVPDFLSQLKNLTFLDLSFNNLTGAIPSSLSELPNLGALRLDRNKLTGHIPISFGQFIGNVPDLYLSHNQLSGNIPTSFAQMDFTSIDLSRNKLEGDASVIFGLNKTTQIVDLSRNLLEFNLSKVEFPTSLTSLDINHNKIYGSIPVEFTQLNFQFLNVSYNRLCGQIPVGGKLQSFDEYSYFHNRCLCGAPLPSCK
Q55GS3	19	607	Other	Dictyostelium discoideum	MNKKIIILIYLIFIKSIVGQNPVWIGGSGCNLFTDSSCWSPSTSPLTTDIVTMGVDSTQTVVDGDITITTLINNNLTLGGVEMSSTISLEIIDTSLIVSGAFSMATNSRLSLSLSDSYANSLVSGSATRNAVNVLMNLQSMQTLMVGSSFTMTGNSVLDVNRSISTINGVFTMNDDTSLFMYSKQNGDSKFTVGNSVLNDASSLNFQGQSFIFFNQTNLPSGLVLNDQSKIVAIDADNVKISGVVTLNDQSSIQLTSSRLYLDSLVTATTSSILVNNSTLSILQSIPTTFSPASAVFKGSVFTIKSNCTIQSPITMIDSVYSFNQSHTLASQFTGSNVYMIMDAAILNAGNYYDCSGCSLSMRNSIANFDSYENQGDLILSSSKLNSNAPITSNTGSIFGYYGELNQALTVESGSLGVYNEKTRLFVNGNVIVESGAKIQFYLSSPLDFSWLNTSGSLDVQSGTIIEIYVYIEILNNGSMEVIKTSNGFVTPLSTDNVKLYTYDPDNDVITDFSTTGGCEYSISITNTSVLVHTDYACQQAIITLGTDGISKGSLAGISVSMVALACFVSLGVWWKTSKKNDQRNDSQVLTNFSQNKSDDIDVERKL
Q60GF7	22	252	Metazoa	Rattus norvegicus	MAASALAWLLLWAAGLVGRLAADISDARFSDGVRATCSEIILRQEFLKDGFHRDLLIKVKFGESIEDLQTCRLLIKHYIPTGLFVDPYELASLRERNITEAVMVSESFNLEAPNYLSTESAVLIYARQDAQCIDCFQAFLPVHYRYHRPHKKDGDTLIVVNNPDLLMHCDQEFPILKCWAQSEVAAPCSLKSEEICQWKNMQYKSILKNLTVQVPVGLTIHTSLVCSVTLLITVLCSTLILLAVFKYGHFSL
Q6UWV2	31	235	Metazoa	Homo sapiens	MQQRGAAGSRGCALFPLLGVLFFQGVYIVFSLEIRADAHVRGYVGEKIKLKCTFKSTSDVTDKLTIDWTYRPPSSSHTVSIFHYQSFQYPTTAGTFRDRISWVGNVYKGDASISISNPTIKDNGTFSCAVKNPPDVHHNIPMTELTVTERGFGTMLSSVALLSILVFVPSAVVVALLLVRMGRKAAGLKKRSRSGYKKSSIEVSDDTDQEEEEACMARLCVRCAECLDSDYEETY
Q7Q7R8	29	89	Metazoa	Anopheles gambiae	MASGTFTQRLLVALMIFALIADLSTLVAARPQDSDAASVAAAIRYLQELETKHAQHARPRFGKRGGYLNPAIFGQDEQEVDWQDSTFSR
Q875I9	17	238	Fungi	Aspergillus fumigatus	MRLSEILTVALVTGATAYNLPNNLKQIYDKHKGKCSKVLAKGFTNGDASQGKSFSYCGDIPGAIFISSSKGYTNMDIDCDGANNSAGKCANDPSGQGETAFKSDVKKFGISDLDANIHPYVVFGNEDHSPKFKPQSHGMQPLSVMAVVCNGQLHYGIWGDTNGGVSTGEASISLADLCFPNEHLDGNHGHDPNDVLFIGFTSKDAVPGATAKWKAKNAKEFEDSIKSIGDKLVAGLKA
Q8W257	21	500	Other	Ptilota filicina	MSLNRVLHIFLIAYLACTALTHDFDDTIAVVGAGYSGLSAAFTLVKKGYTNVEIYESQGEVGGYVYSVDYNNVAHDLATYALTPAYWKFQEAMKSIGVGFCELDVAIVQTNSTPVSVPFEKWMAAYWAAKVPNPLNLVRKVSTQVSTYVEVWKKLFNMDFIDTSTKRTNRLFPLKTNDVDVLAQFSMPMKDFVALHKLDLLEPLFIQATDSQAYGPYDTTPALYYMVWFPPNLFNGEENTVPCGTYNSMQSMAEHMAEWLKSKGVTFHMNTKVTKISRATDGSSPSLLEEGVATPKLFDTIISTNKLPSANRAEVVTPLLPKEREAADTYEELQMFSALLETNRSDAIPTTGFLMVDADAIIAHDPNTGFWGCLNAERRGGYSDENAILSSDTVTRVSAIYYYTERANNERIDFSLDEKIQQVKTNLATWDSATWTNLTSRTFGGYFQRWRTPDVMGQKPWNLADIQGEGDVYYVNSAACGFESVGHVFDCADNLIKDFF
Q95P08	18	656	Metazoa	Scutigera coleoptrata	MWSLALATLFVLGTVIRADQCPPVPADTKDKLEKILELIGHVNRPLTPETPEPAGYDETKLKGLGILPQHEIFSLFDERTWPEATKAAEFLMEATDFEHFIQRADVLRHRINEDMFMYALNVAVLHRKDTRGVQVPRIHKIYPDKFLKQDILVEVREKVNHGEEKPVVDATELHQNQLDPNYRLSYFLEDIGMNSHHYHWHVVHPAVWLPKHGPRKDRKGELFYYMHHQMVARYDSERLSNNLPRTEPFENWDDPLEEGYAPHLTIHKTGYNYMFRPEGLIVRDLPELNKNKMRQWKSRILHGIHLNVLYAENGTKISLDNEHGIDLLGDAIESSLLSVNRAFYGNIHCYAHVMAARIADPDGRYGEDNGVMHDVATSARDPLFYRWHKFIDNIFLEYKDNLDPYTQYELTWPDVVLNDVTVKPHKGDYDDEVHTYWEVDNYELGKGFDYTRKTTATVKVRHLQHEDYHYEIDIDNNAGKAKKAVFRIFLAPKYNEKGELFPVNEQRQLLVELDKFVATLEPGHNVIERQSKESSVTMSKDHVFGEIRNLADDHQCSCGWPDYLLLPKGKYEGMTYQLFVVATDYEEDHVEDAGEECQCRDSMSYCGSVEHKLPDNKPLGYPFDRRIDGTGFEEFKTQNMYYGDVVIQFTGETVTH
Q9LJD9	27	60	Viridiplantae	Arabidopsis thaliana	MESMKMKLIVVLMVAIVAFSAVGNVAAQTEAPAPSPTSDAAMFVPALFASVAALASGFLF
Q9TRM8	25	177	Metazoa	Canis lupus	MLRWFLSHLLGVWLLLSQLPREIPATDDKKLKACGRDYVRLQIEVCGSIWWGRKAGQLRERRQISEPLAEVVPSSIINDPEILSLMLQSIPGMPQELRIATRSGKEKLLRELHFVLEDSNLNLEEMKKTFLNTQFEAEDKSLSKLDKHPRKKRDNYIKMSDKCCNVGCTRRELASRC
Q9TW32	22	197	Other	Dictyostelium discoideum	MKVIFVVLAIVLVTLWAMPSEAGKDPKITNKVFFDIEIDNKPAGRIVFGLYGKTVPKTVENFRALCTGEKGLGTSGKPLHYKDSKFHRIIPNFMIQGGDFTRGDGTGGESIYGKKFNDENFKIKHSKPGLLSMANAGPNTNGSQFFITTVVTSWLDGRHTVFGEVIEGMDIVKLLESIGSQSGTPSKIAKISNSGEL
A0A1W6EVN2	26	50	Metazoa	Ampulex compressa	MKAIMVLFYVMTLTIIGSFSMVSGSPGQNDYVNPKLQFACDLLQKAKERQ
F2QXM5	19	587	Fungi	Komagataella phaffii	MKFAISTLLIILQAAAVFAAFPISDITVVSERTDASTAYLSDWFVVSFVFSTAGSDETIAGDATIEVSIPNELEFVQYPDSVDPSVSEFFTTAGVQVLSTAFDYDSHVLTFTFSDPGQVITDLEGVVFFTLKLSEQFTESASPGQHTFDFETSDQTYSPSVDLVALDRSQPIKLSNAVTGGVEWFVDIPGAFGDITNIDISTVQTPGTFDCSEVKYAVGSSLNEFGDFTPQDRTTFFSNSSSGEWIPITPASGLPVESFECGDGTISLSFAGELADDEVLRVSFLSNLADDVLEVQNVVNVDLTTADSRKRALTSFVLDEPFYRASRTDTAAFEAFAAVPADGDITSTSTAITSVTATVTHTTVTSVCYVCAETPVTVTYTAPVITNPIYYTTKVHVCNVCAETPITYTVTIPCETDEYAPAKPTGTEGEKIVTVITKEGGDKYTKTYEEVTYTKTYPKGGHEDHIVTVKTKEGGEKVTKTYEEVTYTKGPEIVTVVTKEGGEKVTTTYHDVPEVVTVITKEGGEKVTTTYPATYPATYTEGHSAGVPTSASTPPQATYTVSEAQVNLGSKSAVGLLAIVPMLFLAI
P30659	23	86	Metazoa	Lutzomyia longipalpis	MKQILLISLVVVLAVFAFNVAEGCDATCQFRKAIDDCQKQAHHSNVLQTSVQTTATFTSMDTSQLPGNSVFKECMKQKKKEFSSGK
P31419	20	161	Metazoa	Manduca sexta	MVNRLILMVVVVFITDSVMGTAEVMSHVTAHFGKALEECREESGLPVEVMDEFKHFWREDFEVVHRELGCAIICMSNKFELLQDDTRIHHVKMHDYIKSFPNGQVLSEKMVQLIHNCEKQYDDIADDCDRVVKVAACFKKDAKKEGIAPEVAMIEAVIEKY
P31420	18	274	Metazoa	Manduca sexta	MKLLILTICALHVNQMMALKDCVVVNGKNYGKEVLKDNIHQAYQLSFDPQQNTLFFSYSDEVDSKTVLKMGYLNLATKSFGEISGVKDGMATAVDTTNHIVYLGGKDGIYTYDYATKSAKNIGVTSLSIWQMFYCPIHGLFFTTSDEKPYVFKDGQVNQIVEASSSKTRVMAVGEHHDVFFANSSGIFLFNHHTNKVIDLGDYNVNAFTKDSKGKLYFSSPVGFYAVNEADRKMNKLISETGEDSIWGAAFDKDDNIVYSNEDNIVKLVPKDKC
P58912	21	488	Metazoa	Phyllodiscus semoni	MSKPIIFLLTAFVVLTDLGATEDTEKVEVKAKPSKTSRGAIGQGFELHKIDLLSKELQGTGAQVFEELPVEECTTDNKLGTIQKDDTFYSNTESLYNSVASNSKIEPSLKGPFTLGTSVGAVTNNIVSEKSEIQGLSLNLKAYSMIHALKQDCINKKPLAKDLVSDFEALDREVKKPWLKPSWRKYKVFLEKFGTHIVRETMSGSSIYQYVFAKSSESFKQRDFKIKACLSLGGPTQVGKLGISACSDVSKKDVEESSGKEMVKKLVVRGGKSDTRVDLTGELSKNQINKFLKEATTDPSPIQYTFYPVWTILKARYIGKEHYAKATNLEQFYKGYLNFDCAYEKSEKGLELQKFELAEDSDPDAPTYVCKLGPEGCHSDDDCESDDLIYCACCGDSCIRYNNTVLLSTGDTKKVAFINDVDDEFRDHGCGRKGLKCKCKEENKKWGQSWSGDSDADAALRDINAMMLDQNRRDQAKRHHVKKGKSLH
P80915	26	102	Viridiplantae	Macadamia integrifolia	MASTKLFFSVITVMMLIAMASEMVNGSAFTVWSGPGCNNRAERYSKCGCSAIHQKGGYDFSYTGQTAALYNQAGCSGVAHTRFGSSARACNPFGWKSIFIQC
P81429	21	198	Metazoa	Schizaphis graminum	MSNTCRIVLFYLITCIFTCSASDAPKVRVNSGDIAGGYEYTYSGRKIYSFLGIPYASPPVQNYRFKEPQPVKPWLGTWNATIPGSSCMGPDYESNFKLVGQEDCLYLNVYTPKLPRENTPDDLMDVVVHIHGGAFMSGEGISLGPQYLLDINNFVYVTINYRVGVLGFATTGDNILPANNGMKDQVAALKWIQQNIVA
P0DQE1	23	109	Metazoa	Scolopendra dehaani	MTTSATVIIMVLCVGSLVIFSEGSIGFELVTPLPGKPDECPVEDGRTLAIGQTEQVPGQCEERTCIKMDDQLYFELAGCGISEAGPGCEMFESKAETYPECCTPEIKCN
Q86YT9	19	394	Metazoa	Homo sapiens	MFCPLKLILLPVLLDYSLGLNDLNVSPPELTVHVGDSALMGCVFQSTEDKCIFKIDWTLSPGEHAKDEYVLYYYSNLSVPIGRFQNRVHLMGDILCNDGSLLLQDVQEADQGTYICEIRLKGESQVFKKAVVLHVLPEEPKELMVHVGGLIQMGCVFQSTEVKHVTKVEWIFSGRRAKEEIVFRYYHKLRMSVEYSQSWGHFQNRVNLVGDIFRNDGSIMLQGVRESDGGNYTCSIHLGNLVFKKTIVLHVSPEEPRTLVTPAALRPLVLGGNQLVIIVGIVCATILLLPVLILIVKKTCGNKSSVNSTVLVKNTKKTNPEIKEKPCHFERCEGEKHIYSPIIVREVIEEEEPSEKSEATYMTMHPVWPSLRSDRNNSLEKKSGGGMPKTQQAF
Q8BPM6	31	367	Metazoa	Mus musculus	MAYSTVQRVALASGLVLAVSLLLPKAFLSRGKRPEPPPGPEGKLDRFPPMMHHHSAPSDGQTPGARFQRSHLAEAFAKAKGAGGGAGGGGSGRGLMGQIIPIYGFGIFLYILYILFKLSKGKTAEDRNCSTAPPGNAHRKITNFELVQLQEKLKETEEAMEKLINRVGPNGESRAQAVTSDQEKRLLHQLREITRVMKEGKFIDTSPEKEAEEAPYMEDWEGYPEETYPIYDLSDGIKRRQETILVDYPDLKEPSAEEIAEQMGEIEEEGSERLSWDHLPTDPGAQKDNSVAPCDPKPESCSCCVHEEEDPAVLAENAGFSADGYSEQEEATKENLPQDFTNEGLGVSTDNAHVGGMLRKRNPQGFE
Q8NI17	19	732	Metazoa	Homo sapiens	MMWTWALWMLPSLCKFSLAALPAKPENISCVYYYRKNLTCTWSPGKETSYTQYTVKRTYAFGEKHDNCTTNSSTSENRASCSFFLPRITIPDNYTIEVEAENGDGVIKSHMTYWRLENIAKTEPPKIFRVKPVLGIKRMIQIEWIKPELAPVSSDLKYTLRFRTVNSTSWMEVNFAKNRKDKNQTYNLTGLQPFTEYVIALRCAVKESKFWSDWSQEKMGMTEEEAPCGLELWRVLKPAEADGRRPVRLLWKKARGAPVLEKTLGYNIWYYPESNTNLTETMNTTNQQLELHLGGESFWVSMISYNSLGKSPVATLRIPAIQEKSFQCIEVMQACVAEDQLVVKWQSSALDVNTWMIEWFPDVDSEPTTLSWESVSQATNWTIQQDKLKPFWCYNISVYPMLHDKVGEPYSIQAYAKEGVPSEGPETKVENIGVKTVTITWKEIPKSERKGIICNYTIFYQAEGGKGFSKTVNSSILQYGLESLKRKTSYIVQVMASTSAGGTNGTSINFKTLSFSVFEIILITSLIGGGLLILIILTVAYGLKKPNKLTHLCWPTVPNPAESSIATWHGDDFKDKLNLKESDDSVNTEDRILKPCSTPSDKLVIDKLVVNFGNVLQEIFTDEARTGQENNLGGEKNGYVTCPFRPDCPLGKSFEELPVSPEIPPRKSQYLRSRMPEGTRPEAKEQLLFSGQSLVPDHLCEEGAPNPYLKNSVTAREFLVSEKLPEHTKGEV
Q969J5	21	263	Metazoa	Homo sapiens	MMPKHCFLGFLISFFLTGVAGTQSTHESLKPQRVQFQSRNFHNILQWQPGRALTGNSSVYFVQYKIMFSCSMKSSHQKPSGCWQHISCNFPGCRTLAKYGQRQWKNKEDCWGTQELSCDLTSETSDIQEPYYGRVRAASAGSYSEWSMTPRFTPWWETKIDPPVMNITQVNGSLLVILHAPNLPYRYQKEKNVSIEDYYELLYRVFIINNSLEKEQKVYEGAHRAVEIEALTPHSSYCVVAEIYQPMLDRRSQRSEERCVEIP
Q96DU3	21	332	Metazoa	Homo sapiens	MLWLFQSLLFVFCFGPGNVVSQSSLTPLMVNGILGESVTLPLEFPAGEKVNFITWLFNETSLAFIVPHETKSPEIHVTNPKQGKRLNFTQSYSLQLSNLKMEDTGSYRAQISTKTSAKLSSYTLRILRQLRNIQVTNHSQLFQNMTCELHLTCSVEDADDNVSFRWEALGNTLSSQPNLTVSWDPRISSEQDYTCIAENAVSNLSFSVSAQKLCEDVKIQYTDTKMILFMVSGICIVFGFIILLLLVLRKRRDSLSLSTQRTQGPAESARNLEYVSVSPTNNTVYASVTHSNRETEIWTPRENDTITIYSTINHSKESKPTFSRATALDNVV
Q9BQ51	19	273	Metazoa	Homo sapiens	MIFLLLMLSLELQLHQIAALFTVTVPKELYIIEHGSNVTLECNFDTGSHVNLGAITASLQKVENDTSPHRERATLLEEQLPLGKASFHIPQVQVRDEGQYQCIIIYGVAWDYKYLTLKVKASYRKINTHILKVPETDEVELTCQATGYPLAEVSWPNVSVPANTSHSRTPEGLYQVTSVLRLKPPPGRNFSCVFWNTHVRELTLASIDLQSQMEPRTHPTWLLHIFIPFCIIAFIFIATVIALRKQLCQKLYSSKDTTKRPVTTTKREVNSAI
Q9ES58	23	327	Metazoa	Rattus norvegicus	MLCFWRTSHVAVLLIWGVFAAESSCPDKNQTMQNNSSTMTEVNTTVFVQMGKKALLCCPSISLTKVILITWTITLRGQPSCIISYKADTRETHESNCSDRSITWASTPDLAPDLQISAVALQHEGRYSCDIAVPDGNFQNIYDLQVLVPPEVTHFPGENRTAVCEAIAGKPAAQISWTPDGDCVAKNESHSNGTVTVRSTCHWEQSHVSVVFCVVSHLTTGNQSLSIELGRGGDQLLGSYIQYIIPSIIILIIIGCICLLKISGCRKCKLPKSGATPDIEEDEMQPYASYTEKSNPLYDTVTTTEAHPASQGKVNGTDCLTLSAMGI
P27275	25	86	Viridiplantae	Amaranthus caudatus	MVNMKCVALIVIVMMAFMMVDPSMGVGECVRGRCPSGMCCSQFGYCGKGPKYCGRASTTVDHQADVAATKTAKNPTDAKLAGAGSP
P0DPV0	23	101	Metazoa	Scolopendra dehaani	MNKLTIIFFTILLLTYIIVEKEALKIEDLPEPESYKKAKQLAVKDANGDKRAEGIALDFLRQNRRNCTVNCDLVLTCPLLTPECCPKKNDDCLKLDTVKNG
B3STN7	18	316	Fungi	Nosema bombycis	MKTSVVILAMSYITSIFANNSYDFCDGEFAISEKDDKCGFSFNPCTLYKQIQKEYSNCVILRFYLKAISNMLESICDNNKRCLPFSIDSLYRPLYNREQFKHKHHHTLYALFRNCLYLVNPIYFKEYQDALACNQLDVCYFLIRRTVCPKYGVTKYIECLKKRCEDRFDEKELAIFICDSETFVNIKLEIDACRKICPADCTLDICKIYSLDFWERRDLLKAIFDYHYCHVLSSDNTRDEIIKKIEEIYLNGTERDIKFTSFIIYQLFTDLVACKSSDKNIKRILDLICLYEKKDKCPSGVMVMIEFFVKVCSYQC
B5LZ79	30	75	Viridiplantae	Gymnadenia conopsea	MVLNNKTALWFMTLVLLLLSSREMVPGAEARLCRVRGTRGHCFNDHGCDKVCTREGFVRGKCNGILRRCICDRQC
P81828	21	101	Metazoa	Rattus norvegicus	MGKHILLLPLGLSLLMSSLLALQCFRCTSFDSTGFCHVGRQKCQTYPDEICAWVVVTTRDGKFVYGNQSCAECNATTVEHGSLIVSTNCCSATPFCNMVHR
Q8T0W1	22	115	Metazoa	Pimpla hypochondriaca	MSKVMIIMLVGMIFAIISTVSGGAGCSSMGASCQIGSATCCGVCNVHTLRCEARIGPPINTQPTRRTQPTRRTRGPKVTRSSRPTNRTRRPKPTNRSRRPKPTHRRKPTNRPRSH
P19957	22	117	Metazoa	Homo sapiens	MRASSFLIVVVFLIAGTLVLEAAVTGVPVKGQDTVKGRVPFNGQDPVKGQVSVKGQDKVKAQEPVKGPVSTKPGSCPIILIRCAMLNPPNRCLKDTDCPGIKKCCEGSCGMACFVPQ
P23631	20	1401	Metazoa	Latrodectus tredecimguttatus	MISVGEIMERANHSLVRMRREGEDLTLEEKAEICSELELQQKYVDIASNIIGDLSSLPIAGKIAGTIAAAAMTATHVASGRLDIEQTLLGCSDLPFDQIKEVLENRFNEIDRKLDSHSAALEEITKLVEKSISVVEKTRKQMNKRFDEVMKSIQDAKVSPIISKINNFARYFDTEKERIRGLKLNDYILKLEEPNGILLHFKESRTPTDDSLQAPLFSIIEEGYAVPKSIDDELAFKVLYALLYGTQTYVSVMFFLLEQYSFLANHYYEKGYLEKYDEYFNSLNNVFLDFKSSLVGTGTSNNEGLLDRVLQVLMTVKNSEFLGLEKNGVDEMLNEKINLFNKIKEEIEGKQKMTLSETPENFAQISFDKDITTPIGDWRDGREVRYAVQYASETLFSKISHWSDPVSVREKACPTLRMPVDQTRRNVLVFRKFDSSKPQLVGEITPYLSNFIDIDRDLYNAASNPDSAVGFKEFTKLNYDGANIRATFDHGRTVFHAAAKSGNDKIMFGLTFLAKSTELNQPDKKGYTPIHVAADSGNAGIVNLLIQRGVSINSKTYHFLQTPLHLAAQRGFVTTFQRLMESPEININERDKDGFTPLHYAIRGGERILEAFLNQISIDVNAKSNTGLTPFHLAIIKNDWPVASTLLGSKKVDINAVDENNITALHYAAILGYLETTKQLINLKEINANVVSSPGLLSALHYAILYKHDDVASFLMRSSNVNVNLKALGGITPLHLAVIQGRKQILSLMFDIGVNIEQKTDEKYTPLHLAAMSKYPELIQILLDQGSNFEAKTNSGATPLHLATFKGKSQAALILLNNEVNWRDTDENGQMPIHGAAMTGLLDVAQAIISIDATVVDIEDKNSDTPLNLAAQNSHIDVIKYFIDQGADINTRNKKGLAPLLAFSKKGNLDMVKYLFDKNANVYIADNDGMNFFYYAVQNGHLNIVKYAMSEKDKFEWSNTDNNRRDECPNEECAISHFAVCDAVQFDRIEIVKYFVGTLGNFAICGPLHQAARYGHLDIVKYLVEEEFLSVDGSKTDTPLCYASENGHFTVVQYLVSNGAKVNHDCGNGMTAIDKAITKNHLQVVQFLAANGVDFRRKNSRGTTPFLTAVAENALHIAEYLIREKRQDININEQNVDKDTALHLAVYYKNLQMIKLLIKYGIDVTIRNAYDKTALDIAIDAKFSNIVEYLKTKSGKFRREYKSSYGERSLLQTNQISNFIDRKNIEHDHPLFINADNESSELFSKTASNIDVIGTLLLIDVLIRYFSKQGYISKESDSASDGITQAAALSITEKFEDVLNSLHNESAKEQVDLAEVHGKVYAALKSGRNSQIHQILCSSLNSISTLKPEDMEKLESVIMNSHSSVSLPEVTDSANEAYGETLHLFGESCLHSDGILTKKLM
P86407	22	75	Metazoa	Mesobuthus eupeus	MNKKILLVIFIVTMLIVDEVNSFKFGSFIKRMWRSKLAKKLRAKGKELLRDYANRVLSPEEEAAAPAPVPAKRRR
Q42372	31	286	Viridiplantae	Robinia pseudoacacia	MASYKFKTQNSFLLLLSISFFFLLLLNKVNSTGSLSFSFPKFKHSQPDLIFQSDALVTSKGVLQLTTVNDGRPVYDSIGRVLYAAPFQIWDSTTGNVASFVTSFSFIIKAPNEGKTADGLVFFLAPVGSTQPLKGGGLLGLFKDESYNKSNQIVAVEFDTFRNVAWDPNGIHMGIDVNSIQSVRTVRWDWANGEVANVFISYEASTKSLTASLVYPSLEKSFILSAIVDLKKVLPEWVRVGFTATTGLSEDYVQTNDVLSWSFESNLPGGNSVASVKNAGLSTYAA
Q589G4	17	75	Metazoa	Anoplius samariensis	MMLLVLSISAILQVSHSVSFCLLPIVPGPCTQYVIRYAFQPSISACRRFTFGGCEGNDNNFMTRRDCEHYCEELL
Q8MVA6	23	69	Metazoa	Ixodes scapularis	MRAVAIFIVTLLVLECVYFVMSEPDPGQPWQVKAGRPPCYSIPCRKHDECRVGSCSRCNNGLWGDRTCR
Q90ZY0	22	68	Metazoa	Pseudopleuronectes americanus	MKFTATFLMIAIFVLMVEPGECGWGSFFKKAAHVGKHVGKAALTHYLGDKQELNKRAVDEDPNVIVFE
Q9UAH3	23	129	Metazoa	Pinctada fucata	MKCTLRWTITALVLLGICHLARPAYHKKCGRYSYCWIPYDIERDRRDNGGKKCCFCRNAWSPWQCKEDERYEWLRCGHKFYYMCCYTDDDNGNGDGNGNGFNYLKSLYGGYGNGNGEFWEEYIDERYDK
